record_id,entity_type,canonical_entity_name,disease_scope,source_system,source_record_id,source_url,record_title,evidence_role,intervention_or_assay_type,biomarker_family,model_system_or_population,result_direction,off_patent_status,sponsor_type,phase_or_study_design,year,extraction_method,provenance_note
clinicaltrials_gov:NCT00622713,trial,Rivastigmine transdermal patch,alzheimers_disease,clinicaltrials_gov,NCT00622713,https://clinicaltrials.gov/study/NCT00622713,"A 24 Week, Multicenter, Open, Evaluation of the Clinical Effectiveness of the Once-daily 10 cm^2 Rivastigmine Patch Formulation in Patients With Probable Alzheimer's Disease (EXTRA)",trial_registration,small_molecule,not_specified,Alzheimer's Disease,not_yet_known,unknown,industry,PHASE4,2008,api_structured,ClinicalTrials.gov v2 targeted intervention query using query.cond=Alzheimer Disease; query.term=rivastigmine
clinicaltrials_gov:NCT00766363,trial,EVP-6124 (0.1 mg/day),alzheimers_disease,clinicaltrials_gov,NCT00766363,https://clinicaltrials.gov/study/NCT00766363,"Safety, Tolerability, and Pharmacokinetic Study of EVP-6124 in Patients With Alzheimer's Disease",trial_registration,not_specified,not_specified,Alzheimer's Disease Central Nervous System Diseases,not_yet_known,unknown,industry,PHASE1,2008,api_structured,ClinicalTrials.gov v2 targeted intervention query using query.cond=Alzheimer Disease; query.term=evp-6124
clinicaltrials_gov:NCT00933608,trial,memantine,alzheimers_disease,clinicaltrials_gov,NCT00933608,https://clinicaltrials.gov/study/NCT00933608,Effects of Memantine on Magnetic Resonance (MR) Spectroscopy in Subjects at Risk for Alzheimer's Disease,trial_registration,small_molecule,not_specified,Alzheimer's Disease,not_yet_known,unknown,academic,PHASE4,2009,api_structured,ClinicalTrials.gov v2 targeted intervention query using query.cond=Alzheimer Disease; query.term=memantine
clinicaltrials_gov:NCT01409694,trial,Memantine,alzheimers_disease,clinicaltrials_gov,NCT01409694,https://clinicaltrials.gov/study/NCT01409694,Alzheimer's Disease - Input of Vitamin D With mEmantine Assay,trial_registration,small_molecule,not_specified,Alzheimer Disease,not_yet_known,unknown,unknown,PHASE3,2011,api_structured,ClinicalTrials.gov v2 targeted intervention query using query.cond=Alzheimer Disease; query.term=memantine
clinicaltrials_gov:NCT01434667,trial,APOE genotype and Alzheimer's disease risk disclosure,mild_cognitive_impairment,clinicaltrials_gov,NCT01434667,https://clinicaltrials.gov/study/NCT01434667,Risk Evaluation and Education for Alzheimer's Disease (REVEAL) IV,trial_registration,not_specified,not_specified,Mild Cognitive Impairment,not_yet_known,unknown,academic,NA,2011,api_structured,ClinicalTrials.gov v2 study query using query.cond=Alzheimer Disease
clinicaltrials_gov:NCT01481558,trial,Transcranial direct current stimulation,alzheimers_disease,clinicaltrials_gov,NCT01481558,https://clinicaltrials.gov/study/NCT01481558,Effects of Transcranial Direct Current Stimulation on the Apathy of Alzheimer's Disease,trial_registration,device_or_stimulation,not_specified,Apathy Alzheimer's Disease,not_yet_known,unknown,academic,PHASE2,2011,api_structured,ClinicalTrials.gov v2 targeted intervention query using query.cond=Alzheimer Disease; query.term=tdcs
clinicaltrials_gov:NCT01723553,trial,C-11 PiB,alzheimers_disease,clinicaltrials_gov,NCT01723553,https://clinicaltrials.gov/study/NCT01723553,Amyloid-related Imaging Abnormalities (Microbleeds) in Atypical AD,trial_registration,biomarker_or_assay,amyloid,Atypical Alzheimers Disease Logopenic Variant of Primary Progressive Aphasia (LPA) Posterior Cortical Atrophy (PCA),not_yet_known,unknown,academic,PHASE1,2012,api_structured,ClinicalTrials.gov v2 study query using query.cond=Alzheimer Disease
clinicaltrials_gov:NCT01969123,trial,Drug: EVP-6124,alzheimers_disease,clinicaltrials_gov,NCT01969123,https://clinicaltrials.gov/study/NCT01969123,Study of the Safety and Effectiveness of Two Doses of Investigational Study Drug EVP-6124 in Subjects With Alzheimer's Disease,trial_registration,small_molecule,not_specified,Alzheimer's Disease Dementia,not_yet_known,unknown,industry,PHASE3,2013,api_structured,ClinicalTrials.gov v2 targeted intervention query using query.cond=Alzheimer Disease; query.term=evp-6124
clinicaltrials_gov:NCT02051244,trial,Measurement of Retinal Nerve Fiber Layer Thickness - a Biomarker for the Early Detection of Alzheimer's Disease?,alzheimers_disease,clinicaltrials_gov,NCT02051244,https://clinicaltrials.gov/study/NCT02051244,Measurement of Retinal Nerve Fiber Layer Thickness - a Biomarker for the Early Detection of Alzheimer's Disease?,trial_registration,biomarker_or_assay,not_specified,Alzheimer's Disease,not_yet_known,unknown,academic,OBSERVATIONAL,2014,api_structured,ClinicalTrials.gov v2 study query using query.cond=Alzheimer Disease
clinicaltrials_gov:NCT02063269,trial,Rivastigmine,alzheimers_disease,clinicaltrials_gov,NCT02063269,https://clinicaltrials.gov/study/NCT02063269,Brain Changes by Rivastigmine According to Butyrylcholinesterase Alleles,trial_registration,small_molecule,molecular_imaging,Alzheimer's Disease,not_yet_known,unknown,academic,NA,2014,api_structured,ClinicalTrials.gov v2 targeted intervention query using query.cond=Alzheimer Disease; query.term=rivastigmine
clinicaltrials_gov:NCT02227953,trial,Yband (YDT-201N),alzheimers_disease,clinicaltrials_gov,NCT02227953,https://clinicaltrials.gov/study/NCT02227953,A Pilot Study of tDCS for Mild to Moderate Alzhemier's Disease,trial_registration,device_or_stimulation,not_specified,Alzheimer's Disease,not_yet_known,unknown,academic,NA,2014,api_structured,ClinicalTrials.gov v2 targeted intervention query using query.cond=Alzheimer Disease; query.term=tdcs
clinicaltrials_gov:NCT02246075,trial,EVP-6124,alzheimers_disease,clinicaltrials_gov,NCT02246075,https://clinicaltrials.gov/study/NCT02246075,Study of the Safety of Two Doses of Investigational Study Drug EVP-6124 in Subjects With Alzheimer's Disease Currently Receiving Memantine,trial_registration,small_molecule,not_specified,Alzheimer's Disease Dementia Cognition,not_yet_known,unknown,industry,PHASE2,2014,api_structured,ClinicalTrials.gov v2 study query using query.cond=Alzheimer Disease
clinicaltrials_gov:NCT02444637,trial,Rivastigmine,alzheimers_disease,clinicaltrials_gov,NCT02444637,https://clinicaltrials.gov/study/NCT02444637,Open Label Trial of Rivastigmine Patch in Subjects With Mild to Moderate Stage AD Having Coexisting svCVD,trial_registration,small_molecule,not_specified,Alzheimer Disease CVA (Cerebrovascular Accident),not_yet_known,unknown,academic,PHASE4,2015,api_structured,ClinicalTrials.gov v2 study query using query.cond=Alzheimer Disease
clinicaltrials_gov:NCT02670993,trial,Singing sessions.,alzheimers_disease,clinicaltrials_gov,NCT02670993,https://clinicaltrials.gov/study/NCT02670993,Support by Singing Sessions on Physical and Moral Pain : Assessment of Its Effectiveness in Alzheimer's Disease,trial_registration,behavioral_or_lifestyle,not_specified,Alzheimer's Disease,not_yet_known,unknown,academic,NA,2016,api_structured,ClinicalTrials.gov v2 targeted intervention query using query.cond=Alzheimer Disease; query.term=singing
clinicaltrials_gov:NCT02958930,trial,MemorEM 1000,alzheimers_disease,clinicaltrials_gov,NCT02958930,https://clinicaltrials.gov/study/NCT02958930,Safety and Efficacy of Transcranial Electromagnetic Treatment Against Alzheimer's Disease,trial_registration,device_or_stimulation,not_specified,"Alzheimer Disease Alzheimer Disease, Late Onset",not_yet_known,unknown,industry,NA,2016,api_structured,ClinicalTrials.gov v2 targeted intervention query using query.cond=Alzheimer Disease; query.term=temt
clinicaltrials_gov:NCT03030365,trial,"Siemens ""Biograph mMR"" PET-MR (3T)",mild_cognitive_impairment,clinicaltrials_gov,NCT03030365,https://clinicaltrials.gov/study/NCT03030365,Orientation in AD Patients: PET-MR Study,trial_registration,biomarker_or_assay,molecular_imaging,Alzheimer Disease Mild Cognitive Impairment,not_yet_known,unknown,academic,OBSERVATIONAL,2017,api_structured,ClinicalTrials.gov v2 study query using query.cond=Alzheimer Disease
clinicaltrials_gov:NCT03333837,trial,Dance Group,mild_cognitive_impairment,clinicaltrials_gov,NCT03333837,https://clinicaltrials.gov/study/NCT03333837,Improvisational Movement for People With Memory Loss and Their Caregivers,trial_registration,behavioral_or_lifestyle,not_specified,Alzheimer's Disease (Incl Subtypes) Dementia Mild Cognitive Impairment,not_yet_known,unknown,academic,NA,2017,api_structured,ClinicalTrials.gov v2 study query using query.cond=Alzheimer Disease
clinicaltrials_gov:NCT03643003,trial,Music therapy,alzheimers_disease,clinicaltrials_gov,NCT03643003,https://clinicaltrials.gov/study/NCT03643003,Music Therapy for Persons With Dementia,trial_registration,behavioral_or_lifestyle,not_specified,Quality of Life Social Interaction Emotions Mood Feelings Alzheimer Disease Dementia,not_yet_known,unknown,academic,NA,2018,api_structured,ClinicalTrials.gov v2 targeted intervention query using query.cond=Alzheimer Disease; query.term=music therapy
clinicaltrials_gov:NCT04271163,trial,MemorEM,alzheimers_disease,clinicaltrials_gov,NCT04271163,https://clinicaltrials.gov/study/NCT04271163,Transcranial Electromagnetic Treatment (TEMT) Against Alzheimer's Disease,trial_registration,device_or_stimulation,not_specified,Alzheimer's Disease,not_yet_known,unknown,industry,PHASE1 / PHASE2,2020,api_structured,ClinicalTrials.gov v2 study query using query.cond=Alzheimer Disease
clinicaltrials_gov:NCT04666077,trial,"Home-based MT through Supervised, Supported Singing (H3S)",mild_cognitive_impairment,clinicaltrials_gov,NCT04666077,https://clinicaltrials.gov/study/NCT04666077,Music Therapy Experiences in Patients With Mild Cognitive Impairment (MCI) and Alzheimer's Disease (AD),trial_registration,behavioral_or_lifestyle,not_specified,Alzheimer's Disease Mild Cognitive Impairment,not_yet_known,unknown,academic,NA,2020,api_structured,ClinicalTrials.gov v2 study query using query.cond=Alzheimer Disease
clinicaltrials_gov:NCT05507905,trial,Music,alzheimers_disease,clinicaltrials_gov,NCT05507905,https://clinicaltrials.gov/study/NCT05507905,Effects of Dance and Music Appreciation on Brain Health and Fitness in People at Risk for Alzheimer's Disease,trial_registration,behavioral_or_lifestyle,not_specified,Alzheimer Disease,not_yet_known,unknown,academic,NA,2022,api_structured,ClinicalTrials.gov v2 targeted intervention query using query.cond=Alzheimer Disease; query.term=dance group
clinicaltrials_gov:NCT05649514,trial,Polysomnography,alzheimers_disease,clinicaltrials_gov,NCT05649514,https://clinicaltrials.gov/study/NCT05649514,Sleep Impairment in Subjects at Risk of Developing Alzheimer's Disease,trial_registration,behavioral_or_lifestyle,not_specified,Neuropathology Cognitive Decline Sleep Disorder,not_yet_known,unknown,academic,NA,2022,api_structured,ClinicalTrials.gov v2 study query using query.cond=Alzheimer Disease
clinicaltrials_gov:NCT05971030,trial,Cortical brain stimulation of mPFC and dlPFC,alzheimers_disease,clinicaltrials_gov,NCT05971030,https://clinicaltrials.gov/study/NCT05971030,Clinical Exploratory Research of Medial Prefrontal Cortex Combined With Dorsolateral Prefrontal Cortex Electrical Stimulation in the Treatment of Alzheimer's Disease,trial_registration,device_or_stimulation,not_specified,Alzheimer Disease Electric Stimulation Therapy,not_yet_known,unknown,academic,NA,2023,api_structured,ClinicalTrials.gov v2 study query using query.cond=Alzheimer Disease
nih_reporter:1R01AG091310-01A1:2026,grant,CoMTAD: Cognitive Monitoring during Treatment for Alzheimer disease,alzheimers_disease,nih_reporter,1R01AG091310-01A1,https://reporter.nih.gov/project-details/11223475,CoMTAD: Cognitive Monitoring during Treatment for Alzheimer disease,grant_record,behavioral_or_lifestyle,amyloid,UNIVERSITY OF KANSAS MEDICAL CENTER,not_yet_known,not_applicable,academic,grant_project,2026,api_structured,NIH RePORTER project search term=Alzheimer disease; organization=UNIVERSITY OF KANSAS MEDICAL CENTER; agency_ic=National Institute on Aging
nih_reporter:1R01AG095248-01:2026,grant,"A fiber implant for long-term, deep-brain imaging and manipulation in mouse models of Alzheimer disease",alzheimers_disease,nih_reporter,1R01AG095248-01,https://reporter.nih.gov/project-details/11207392,"A fiber implant for long-term, deep-brain imaging and manipulation in mouse models of Alzheimer disease",grant_record,biomarker_or_assay,amyloid,WASHINGTON UNIVERSITY,not_yet_known,not_applicable,academic,grant_project,2026,api_structured,NIH RePORTER project search term=Alzheimer disease; organization=WASHINGTON UNIVERSITY; agency_ic=National Institute on Aging
nih_reporter:1R01AG096172-01:2026,grant,Alzheimer Disease Genetic Analysis to Identify Potential Therapeutic Targets (ADAPTT),alzheimers_disease,nih_reporter,1R01AG096172-01,https://reporter.nih.gov/project-details/11224105,Alzheimer Disease Genetic Analysis to Identify Potential Therapeutic Targets (ADAPTT),grant_record,biomarker_or_assay,not_specified,CASE WESTERN RESERVE UNIVERSITY,not_yet_known,not_applicable,academic,grant_project,2026,api_structured,NIH RePORTER project search term=Alzheimer disease; organization=CASE WESTERN RESERVE UNIVERSITY; agency_ic=National Institute on Aging
nih_reporter:4R01AG082030-02:2026,grant,Deep-Learning-Augmented Quantitative Gradient Recalled Echo (DLA-qGRE) MRI for in vivo Clinical Evaluation of Brain Microstructural Neurodegeneration in Alzheimer Disease,alzheimers_disease,nih_reporter,4R01AG082030-02,https://reporter.nih.gov/project-details/11456934,Deep-Learning-Augmented Quantitative Gradient Recalled Echo (DLA-qGRE) MRI for in vivo Clinical Evaluation of Brain Microstructural Neurodegeneration in Alzheimer Disease,grant_record,biomarker_or_assay,amyloid,WASHINGTON UNIVERSITY,not_yet_known,not_applicable,academic,grant_project,2026,api_structured,NIH RePORTER project search term=Alzheimer disease; organization=WASHINGTON UNIVERSITY; agency_ic=National Institute on Aging
nih_reporter:5K01AG080123-04:2026,grant,Evaluation of the neurovascular unit in the setting of pathogenesis and treatment of autosomal dominant Alzheimer disease,alzheimers_disease,nih_reporter,5K01AG080123-04,https://reporter.nih.gov/project-details/11262301,Evaluation of the neurovascular unit in the setting of pathogenesis and treatment of autosomal dominant Alzheimer disease,grant_record,biomarker_or_assay,amyloid,WASHINGTON UNIVERSITY,not_yet_known,not_applicable,academic,grant_project,2026,api_structured,NIH RePORTER project search term=Alzheimer disease; organization=WASHINGTON UNIVERSITY; agency_ic=National Institute on Aging
nih_reporter:5P30AG066444-07:2026,grant,Alzheimer's Disease Research Center,alzheimers_disease,nih_reporter,5P30AG066444-07,https://reporter.nih.gov/project-details/11382424,Alzheimer's Disease Research Center,grant_record,biomarker_or_assay,molecular_imaging,WASHINGTON UNIVERSITY,not_yet_known,not_applicable,academic,grant_project,2026,api_structured,NIH RePORTER project search term=Alzheimer disease; organization=WASHINGTON UNIVERSITY; agency_ic=National Institute on Aging
nih_reporter:5R01AG082135-04:2026,grant,Sex-specific regulation of microRNAs in Alzheimer Disease,alzheimers_disease,nih_reporter,5R01AG082135-04,https://reporter.nih.gov/project-details/11242036,Sex-specific regulation of microRNAs in Alzheimer Disease,grant_record,not_specified,not_specified,LOYOLA UNIVERSITY CHICAGO,not_yet_known,not_applicable,academic,grant_project,2026,api_structured,NIH RePORTER project search term=Alzheimer disease; organization=LOYOLA UNIVERSITY CHICAGO; agency_ic=National Institute on Aging
nih_reporter:5R01DC014942-09:2026,grant,The neurobiology of two distinct subtypes of neurodegenerative apraxia of speech: phenotypes of Alzheimer disease related 4-repeat tauopathies,alzheimers_disease,nih_reporter,5R01DC014942-09,https://reporter.nih.gov/project-details/11305994,The neurobiology of two distinct subtypes of neurodegenerative apraxia of speech: phenotypes of Alzheimer disease related 4-repeat tauopathies,grant_record,biomarker_or_assay,tau,MAYO CLINIC ROCHESTER,not_yet_known,not_applicable,unknown,grant_project,2026,api_structured,NIH RePORTER project search term=Alzheimer disease; organization=MAYO CLINIC ROCHESTER; agency_ic=National Institute on Deafness and Other Communication Disorders
openfda:event:brexpiprazole:death,regulatory_signal,Brexpiprazole,alzheimers_disease,openfda,brexpiprazole:death,https://api.fda.gov/drug/event.json?search=patient.drug.medicinalproduct:%22brexpiprazole%22&count=patient.reaction.reactionmeddrapt.exact&limit=2,Brexpiprazole adverse-event signal: DEATH,adverse_event_signal,not_specified,not_specified,postmarketing_spontaneous_reports,neutral_or_descriptive,on_patent_or_proprietary,industry,aggregated_adverse_event_signal,2026,api_structured,"openFDA drug/event aggregate query=patient.drug.medicinalproduct:""brexpiprazole""; top_reaction=DEATH; count=265"
openfda:event:brexpiprazole:drug_ineffective,regulatory_signal,Brexpiprazole,alzheimers_disease,openfda,brexpiprazole:drug_ineffective,https://api.fda.gov/drug/event.json?search=patient.drug.medicinalproduct:%22brexpiprazole%22&count=patient.reaction.reactionmeddrapt.exact&limit=2,Brexpiprazole adverse-event signal: DRUG INEFFECTIVE,adverse_event_signal,not_specified,not_specified,postmarketing_spontaneous_reports,neutral_or_descriptive,on_patent_or_proprietary,industry,aggregated_adverse_event_signal,2026,api_structured,"openFDA drug/event aggregate query=patient.drug.medicinalproduct:""brexpiprazole""; top_reaction=DRUG INEFFECTIVE; count=247"
openfda:event:donanemab:chills,regulatory_signal,Donanemab,mild_cognitive_impairment,openfda,donanemab:chills,https://api.fda.gov/drug/event.json?search=patient.drug.medicinalproduct:%22donanemab%22&count=patient.reaction.reactionmeddrapt.exact&limit=2,Donanemab adverse-event signal: CHILLS,adverse_event_signal,monoclonal_antibody,not_specified,postmarketing_spontaneous_reports,neutral_or_descriptive,on_patent_or_proprietary,industry,aggregated_adverse_event_signal,2026,api_structured,"openFDA drug/event aggregate query=patient.drug.medicinalproduct:""donanemab""; top_reaction=CHILLS; count=6"
openfda:event:donanemab:infusion_related_reaction,regulatory_signal,Donanemab,mild_cognitive_impairment,openfda,donanemab:infusion_related_reaction,https://api.fda.gov/drug/event.json?search=patient.drug.medicinalproduct:%22donanemab%22&count=patient.reaction.reactionmeddrapt.exact&limit=2,Donanemab adverse-event signal: INFUSION RELATED REACTION,adverse_event_signal,monoclonal_antibody,not_specified,postmarketing_spontaneous_reports,neutral_or_descriptive,on_patent_or_proprietary,industry,aggregated_adverse_event_signal,2026,api_structured,"openFDA drug/event aggregate query=patient.drug.medicinalproduct:""donanemab""; top_reaction=INFUSION RELATED REACTION; count=9"
openfda:event:donepezil:death,regulatory_signal,Donepezil,alzheimers_disease,openfda,donepezil:death,https://api.fda.gov/drug/event.json?search=patient.drug.medicinalproduct:%22donepezil%22&count=patient.reaction.reactionmeddrapt.exact&limit=2,Donepezil adverse-event signal: DEATH,adverse_event_signal,small_molecule,not_specified,postmarketing_spontaneous_reports,neutral_or_descriptive,off_patent,industry,aggregated_adverse_event_signal,2026,api_structured,"openFDA drug/event aggregate query=patient.drug.medicinalproduct:""donepezil""; top_reaction=DEATH; count=1536"
openfda:event:donepezil:fall,regulatory_signal,Donepezil,alzheimers_disease,openfda,donepezil:fall,https://api.fda.gov/drug/event.json?search=patient.drug.medicinalproduct:%22donepezil%22&count=patient.reaction.reactionmeddrapt.exact&limit=2,Donepezil adverse-event signal: FALL,adverse_event_signal,small_molecule,not_specified,postmarketing_spontaneous_reports,neutral_or_descriptive,off_patent,industry,aggregated_adverse_event_signal,2026,api_structured,"openFDA drug/event aggregate query=patient.drug.medicinalproduct:""donepezil""; top_reaction=FALL; count=2152"
openfda:event:galantamine:cognitive_disorder,regulatory_signal,Galantamine,alzheimers_disease,openfda,galantamine:cognitive_disorder,https://api.fda.gov/drug/event.json?search=patient.drug.medicinalproduct:%22galantamine%22&count=patient.reaction.reactionmeddrapt.exact&limit=2,Galantamine adverse-event signal: COGNITIVE DISORDER,adverse_event_signal,small_molecule,not_specified,postmarketing_spontaneous_reports,neutral_or_descriptive,off_patent,industry,aggregated_adverse_event_signal,2026,api_structured,"openFDA drug/event aggregate query=patient.drug.medicinalproduct:""galantamine""; top_reaction=COGNITIVE DISORDER; count=675"
openfda:event:galantamine:fall,regulatory_signal,Galantamine,alzheimers_disease,openfda,galantamine:fall,https://api.fda.gov/drug/event.json?search=patient.drug.medicinalproduct:%22galantamine%22&count=patient.reaction.reactionmeddrapt.exact&limit=2,Galantamine adverse-event signal: FALL,adverse_event_signal,small_molecule,not_specified,postmarketing_spontaneous_reports,neutral_or_descriptive,off_patent,industry,aggregated_adverse_event_signal,2026,api_structured,"openFDA drug/event aggregate query=patient.drug.medicinalproduct:""galantamine""; top_reaction=FALL; count=859"
openfda:event:lecanemab:amyloid_related_imaging_abnormality_microhaemorrhages_and_haemosiderin_deposits,regulatory_signal,Lecanemab,mild_cognitive_impairment,openfda,lecanemab:amyloid_related_imaging_abnormality_microhaemorrhages_and_haemosiderin_deposits,https://api.fda.gov/drug/event.json?search=patient.drug.medicinalproduct:%22lecanemab%22&count=patient.reaction.reactionmeddrapt.exact&limit=2,Lecanemab adverse-event signal: AMYLOID RELATED IMAGING ABNORMALITY-MICROHAEMORRHAGES AND HAEMOSIDERIN DEPOSITS,adverse_event_signal,monoclonal_antibody,amyloid,postmarketing_spontaneous_reports,neutral_or_descriptive,on_patent_or_proprietary,industry,aggregated_adverse_event_signal,2026,api_structured,"openFDA drug/event aggregate query=patient.drug.medicinalproduct:""lecanemab""; top_reaction=AMYLOID RELATED IMAGING ABNORMALITY-MICROHAEMORRHAGES AND HAEMOSIDERIN DEPOSITS; count=42"
openfda:event:lecanemab:amyloid_related_imaging_abnormality_oedema_effusion,regulatory_signal,Lecanemab,mild_cognitive_impairment,openfda,lecanemab:amyloid_related_imaging_abnormality_oedema_effusion,https://api.fda.gov/drug/event.json?search=patient.drug.medicinalproduct:%22lecanemab%22&count=patient.reaction.reactionmeddrapt.exact&limit=2,Lecanemab adverse-event signal: AMYLOID RELATED IMAGING ABNORMALITY-OEDEMA/EFFUSION,adverse_event_signal,monoclonal_antibody,amyloid,postmarketing_spontaneous_reports,neutral_or_descriptive,on_patent_or_proprietary,industry,aggregated_adverse_event_signal,2026,api_structured,"openFDA drug/event aggregate query=patient.drug.medicinalproduct:""lecanemab""; top_reaction=AMYLOID RELATED IMAGING ABNORMALITY-OEDEMA/EFFUSION; count=51"
openfda:event:memantine:death,regulatory_signal,Memantine,alzheimers_disease,openfda,memantine:death,https://api.fda.gov/drug/event.json?search=patient.drug.medicinalproduct:%22memantine%22&count=patient.reaction.reactionmeddrapt.exact&limit=2,Memantine adverse-event signal: DEATH,adverse_event_signal,small_molecule,not_specified,postmarketing_spontaneous_reports,neutral_or_descriptive,off_patent,industry,aggregated_adverse_event_signal,2026,api_structured,"openFDA drug/event aggregate query=patient.drug.medicinalproduct:""memantine""; top_reaction=DEATH; count=1015"
openfda:event:memantine:fall,regulatory_signal,Memantine,alzheimers_disease,openfda,memantine:fall,https://api.fda.gov/drug/event.json?search=patient.drug.medicinalproduct:%22memantine%22&count=patient.reaction.reactionmeddrapt.exact&limit=2,Memantine adverse-event signal: FALL,adverse_event_signal,small_molecule,not_specified,postmarketing_spontaneous_reports,neutral_or_descriptive,off_patent,industry,aggregated_adverse_event_signal,2026,api_structured,"openFDA drug/event aggregate query=patient.drug.medicinalproduct:""memantine""; top_reaction=FALL; count=1220"
openfda:event:rivastigmine:fall,regulatory_signal,Rivastigmine,alzheimers_disease,openfda,rivastigmine:fall,https://api.fda.gov/drug/event.json?search=patient.drug.medicinalproduct:%22rivastigmine%22&count=patient.reaction.reactionmeddrapt.exact&limit=2,Rivastigmine adverse-event signal: FALL,adverse_event_signal,small_molecule,not_specified,postmarketing_spontaneous_reports,neutral_or_descriptive,off_patent,industry,aggregated_adverse_event_signal,2026,api_structured,"openFDA drug/event aggregate query=patient.drug.medicinalproduct:""rivastigmine""; top_reaction=FALL; count=849"
openfda:event:rivastigmine:hallucination,regulatory_signal,Rivastigmine,alzheimers_disease,openfda,rivastigmine:hallucination,https://api.fda.gov/drug/event.json?search=patient.drug.medicinalproduct:%22rivastigmine%22&count=patient.reaction.reactionmeddrapt.exact&limit=2,Rivastigmine adverse-event signal: HALLUCINATION,adverse_event_signal,small_molecule,not_specified,postmarketing_spontaneous_reports,neutral_or_descriptive,off_patent,industry,aggregated_adverse_event_signal,2026,api_structured,"openFDA drug/event aggregate query=patient.drug.medicinalproduct:""rivastigmine""; top_reaction=HALLUCINATION; count=866"
openfda:label:0044f1d7-613c-4611-8481-13032c8cb390,intervention,Rivastigmine,alzheimers_disease,openfda,0044f1d7-613c-4611-8481-13032c8cb390,https://api.fda.gov/drug/label.json?search=openfda.generic_name:%22rivastigmine%22&limit=1,Rivastigmine Tartrate label,drug_label,small_molecule,not_specified,fda_label_population,neutral_or_descriptive,off_patent,industry,regulatory_label,2022,api_structured,"openFDA drug/label query=openfda.generic_name:""rivastigmine""; brand=Rivastigmine Tartrate; manufacturer=Alembic Pharmaceuticals Inc."
openfda:label:6507f292-90e7-408c-baf5-4475fc31a06d,intervention,Brexpiprazole,alzheimers_disease,openfda,6507f292-90e7-408c-baf5-4475fc31a06d,https://api.fda.gov/drug/label.json?search=openfda.generic_name:%22brexpiprazole%22&limit=1,Rexulti label,drug_label,not_specified,not_specified,fda_label_population,neutral_or_descriptive,on_patent_or_proprietary,industry,regulatory_label,2025,api_structured,"openFDA drug/label query=openfda.generic_name:""brexpiprazole""; brand=Rexulti; manufacturer=Otsuka America Pharmaceutical, Inc."
openfda:label:81ef20f0-d4f7-4f69-b081-e297224b653f,intervention,Lecanemab,mild_cognitive_impairment,openfda,81ef20f0-d4f7-4f69-b081-e297224b653f,https://api.fda.gov/drug/label.json?search=openfda.generic_name:%22lecanemab%22&limit=1,LEQEMBI label,drug_label,monoclonal_antibody,amyloid,fda_label_population,neutral_or_descriptive,on_patent_or_proprietary,industry,regulatory_label,2026,api_structured,"openFDA drug/label query=openfda.generic_name:""lecanemab""; brand=LEQEMBI; manufacturer=Eisai Inc."
openfda:label:85d3d68b-57f9-45e6-a1a7-fa19bc843f33,intervention,Donanemab,mild_cognitive_impairment,openfda,85d3d68b-57f9-45e6-a1a7-fa19bc843f33,https://api.fda.gov/drug/label.json?search=openfda.generic_name:%22donanemab%22&limit=1,Kisunla label,drug_label,monoclonal_antibody,amyloid,fda_label_population,neutral_or_descriptive,on_patent_or_proprietary,unknown,regulatory_label,2025,api_structured,"openFDA drug/label query=openfda.generic_name:""donanemab""; brand=Kisunla; manufacturer=Eli Lilly and Company"
openfda:label:9c064bce-c710-4580-80d7-949d1b974838,intervention,Galantamine,alzheimers_disease,openfda,9c064bce-c710-4580-80d7-949d1b974838,https://api.fda.gov/drug/label.json?search=openfda.generic_name:%22galantamine%22&limit=1,Galantamine Hydrobromide label,drug_label,small_molecule,not_specified,fda_label_population,neutral_or_descriptive,off_patent,unknown,regulatory_label,2025,api_structured,"openFDA drug/label query=openfda.generic_name:""galantamine""; brand=Galantamine Hydrobromide; manufacturer=Bryant Ranch Prepack"
openfda:label:cf08de43-a887-40f3-a074-57ecc8d3093a,intervention,Memantine,alzheimers_disease,openfda,cf08de43-a887-40f3-a074-57ecc8d3093a,https://api.fda.gov/drug/label.json?search=openfda.generic_name:%22memantine%22&limit=1,Memantine hydrochloride label,drug_label,small_molecule,not_specified,fda_label_population,neutral_or_descriptive,off_patent,industry,regulatory_label,2023,api_structured,"openFDA drug/label query=openfda.generic_name:""memantine""; brand=Memantine hydrochloride; manufacturer=Amneal Pharmaceuticals of New York LLC"
openfda:label:f8867ea9-a608-4b0f-9052-fa5c44d7e7c2,intervention,Donepezil,alzheimers_disease,openfda,f8867ea9-a608-4b0f-9052-fa5c44d7e7c2,https://api.fda.gov/drug/label.json?search=openfda.generic_name:%22donepezil%22&limit=1,DONEPEZIL HYDROCHLORIDE label,drug_label,small_molecule,not_specified,fda_label_population,neutral_or_descriptive,off_patent,industry,regulatory_label,2024,api_structured,"openFDA drug/label query=openfda.generic_name:""donepezil""; brand=DONEPEZIL HYDROCHLORIDE; manufacturer=Lupin Pharmaceuticals, Inc."
pmc_open_access_subset:PMC13053539,publication,Neuroinflammatory stress preferentially impacts synaptic MAPK signaling and mitochondria in excitatory neurons.,related_neurodegeneration,pmc_open_access_subset,PMC13053539,https://pmc.ncbi.nlm.nih.gov/articles/PMC13053539/,Neuroinflammatory stress preferentially impacts synaptic MAPK signaling and mitochondria in excitatory neurons.,publication_record,not_specified,not_specified,human_open_access_publication_record,neutral_or_descriptive,unknown,unknown,open_access_full_text_record,2026,api_structured,PMC ID Converter + PubMed summary match; pmid=41953673; seed_filter=pubmed pmc open access[filter]
pmc_open_access_subset:PMC13053795,publication,Investigating the Neuroprotective Effects of Peripheral Nerve Microcurrent Stimulation in a Mouse Model of Parkinson's Disease.,related_neurodegeneration,pmc_open_access_subset,PMC13053795,https://pmc.ncbi.nlm.nih.gov/articles/PMC13053795/,Investigating the Neuroprotective Effects of Peripheral Nerve Microcurrent Stimulation in a Mouse Model of Parkinson's Disease.,publication_record,device_or_stimulation,not_specified,preclinical_open_access_publication_record,neutral_or_descriptive,unknown,unknown,open_access_full_text_record,2026,api_structured,PMC ID Converter + PubMed summary match; pmid=41953799; seed_filter=pubmed pmc open access[filter]
pmc_open_access_subset:PMC13053928,publication,Decentralizing dementia research to the US-Mexico border: the Rio Grande Valley AD-RCMAR as a model for translational equity.,dementia_general,pmc_open_access_subset,PMC13053928,https://pmc.ncbi.nlm.nih.gov/articles/PMC13053928/,Decentralizing dementia research to the US-Mexico border: the Rio Grande Valley AD-RCMAR as a model for translational equity.,publication_record,not_specified,not_specified,human_open_access_publication_record,neutral_or_descriptive,unknown,unknown,open_access_full_text_record,2026,api_structured,PMC ID Converter + PubMed summary match; pmid=41953574; seed_filter=pubmed pmc open access[filter]
pmc_open_access_subset:PMC13053929,publication,EEG recordings during visuo-attentive task reduce sex bias in Alzheimer's disease diagnosis.,alzheimers_disease,pmc_open_access_subset,PMC13053929,https://pmc.ncbi.nlm.nih.gov/articles/PMC13053929/,EEG recordings during visuo-attentive task reduce sex bias in Alzheimer's disease diagnosis.,publication_record,biomarker_or_assay,molecular_imaging,human_open_access_publication_record,neutral_or_descriptive,unknown,unknown,open_access_full_text_record,2026,api_structured,PMC ID Converter + PubMed summary match; pmid=41953573; seed_filter=pubmed pmc open access[filter]
pmc_open_access_subset:PMC13053946,publication,The primary care brain health navigator: A perspective on implementation.,related_neurodegeneration,pmc_open_access_subset,PMC13053946,https://pmc.ncbi.nlm.nih.gov/articles/PMC13053946/,The primary care brain health navigator: A perspective on implementation.,publication_record,not_specified,not_specified,human_open_access_publication_record,neutral_or_descriptive,unknown,unknown,open_access_full_text_record,2026,api_structured,PMC ID Converter + PubMed summary match; pmid=41953934; seed_filter=pubmed pmc open access[filter]
pmc_open_access_subset:PMC13055893,publication,Real-World Multimodal Day-Care Intervention for Mild Cognitive Impairment with Lewy Bodies: A Prospective 3-Year Comparative Cognitive Trajectory Study.,mild_cognitive_impairment,pmc_open_access_subset,PMC13055893,https://pmc.ncbi.nlm.nih.gov/articles/PMC13055893/,Real-World Multimodal Day-Care Intervention for Mild Cognitive Impairment with Lewy Bodies: A Prospective 3-Year Comparative Cognitive Trajectory Study.,publication_record,not_specified,not_specified,human_open_access_publication_record,neutral_or_descriptive,unknown,unknown,open_access_full_text_record,2026,api_structured,PMC ID Converter + PubMed summary match; pmid=41953385; seed_filter=pubmed pmc open access[filter]
pmc_open_access_subset:PMC13055913,publication,Redefining the role of the thiol-based agent N-acetylcysteine in human health and disease and elucidating potential advantages of its amide derivative.,related_neurodegeneration,pmc_open_access_subset,PMC13055913,https://pmc.ncbi.nlm.nih.gov/articles/PMC13055913/,Redefining the role of the thiol-based agent N-acetylcysteine in human health and disease and elucidating potential advantages of its amide derivative.,publication_record,not_specified,not_specified,human_open_access_publication_record,neutral_or_descriptive,unknown,unknown,open_access_full_text_record,2026,api_structured,PMC ID Converter + PubMed summary match; pmid=41953516; seed_filter=pubmed pmc open access[filter]
pmc_open_access_subset:PMC13063120,publication,TOMM40 suppression promotes neuronal cholesterol imbalance and molecular and behavioral phenotypes of Alzheimer's disease.,alzheimers_disease,pmc_open_access_subset,PMC13063120,https://pmc.ncbi.nlm.nih.gov/articles/PMC13063120/,TOMM40 suppression promotes neuronal cholesterol imbalance and molecular and behavioral phenotypes of Alzheimer's disease.,publication_record,not_specified,not_specified,human_open_access_publication_record,neutral_or_descriptive,unknown,unknown,open_access_full_text_record,2026,api_structured,PMC ID Converter + PubMed summary match; pmid=41954048; seed_filter=pubmed pmc open access[filter]
pubmed:25495510,publication,Safety and clinical effects of EVP-6124 in subjects with Alzheimer's disease currently or previously receiving an acetylcholinesterase inhibitor medication.,alzheimers_disease,pubmed,25495510,https://pubmed.ncbi.nlm.nih.gov/25495510/,Safety and clinical effects of EVP-6124 in subjects with Alzheimer's disease currently or previously receiving an acetylcholinesterase inhibitor medication.,publication_record,small_molecule,not_specified,human_publication_record,neutral_or_descriptive,unknown,unknown,publication_metadata,2015,api_structured,PubMed metadata record assembled from targeted_intervention_query; pubdate=2015 Jan
pubmed:26721364,publication,Therapeutic strategies for Alzheimer's disease in clinical trials.,alzheimers_disease,pubmed,26721364,https://pubmed.ncbi.nlm.nih.gov/26721364/,Therapeutic strategies for Alzheimer's disease in clinical trials.,publication_record,not_specified,not_specified,human_publication_record,neutral_or_descriptive,unknown,unknown,publication_metadata,2016,api_structured,PubMed metadata record assembled from targeted_intervention_query; pubdate=2016 Feb
pubmed:28974110,publication,Acetylcholinesterase Inhibitors: Beneficial Effects on Comorbidities in Patients With Alzheimer's Disease.,alzheimers_disease,pubmed,28974110,https://pubmed.ncbi.nlm.nih.gov/28974110/,Acetylcholinesterase Inhibitors: Beneficial Effects on Comorbidities in Patients With Alzheimer's Disease.,publication_record,not_specified,not_specified,human_publication_record,neutral_or_descriptive,unknown,unknown,publication_metadata,2018,api_structured,PubMed metadata record assembled from targeted_intervention_query; pubdate=2018 Mar
pubmed:31403948,publication,"A Clinical Trial of Transcranial Electromagnetic Treatment in Alzheimer's Disease: Cognitive Enhancement and Associated Changes in Cerebrospinal Fluid, Blood, and Brain Imaging.",alzheimers_disease,pubmed,31403948,https://pubmed.ncbi.nlm.nih.gov/31403948/,"A Clinical Trial of Transcranial Electromagnetic Treatment in Alzheimer's Disease: Cognitive Enhancement and Associated Changes in Cerebrospinal Fluid, Blood, and Brain Imaging.",publication_record,biomarker_or_assay,not_specified,human_publication_record,neutral_or_descriptive,unknown,unknown,publication_metadata,2019,api_structured,PubMed metadata record assembled from targeted_intervention_query; pubdate=2019
pubmed:32087291,publication,"Systematic validation of variants of unknown significance in APP, PSEN1 and PSEN2.",related_neurodegeneration,pubmed,32087291,https://pubmed.ncbi.nlm.nih.gov/32087291/,"Systematic validation of variants of unknown significance in APP, PSEN1 and PSEN2.",publication_record,not_specified,not_specified,human_publication_record,neutral_or_descriptive,unknown,unknown,publication_metadata,2020,api_structured,PubMed metadata record assembled from nih_grant_publication_link; pubdate=2020 Jun
pubmed:32223601,publication,One-Year Evaluation of a Targeted Medication Therapy Management Intervention for Older Adults.,related_neurodegeneration,pubmed,32223601,https://pubmed.ncbi.nlm.nih.gov/32223601/,One-Year Evaluation of a Targeted Medication Therapy Management Intervention for Older Adults.,publication_record,not_specified,not_specified,human_publication_record,neutral_or_descriptive,unknown,unknown,publication_metadata,2020,api_structured,PubMed metadata record assembled from nih_grant_publication_link; pubdate=2020 Apr
pubmed:32250301,publication,Increased Cerebrospinal Fluid Amyloid-β During Sleep Deprivation in Healthy Middle-Aged Adults Is Not Due to Stress or Circadian Disruption.,related_neurodegeneration,pubmed,32250301,https://pubmed.ncbi.nlm.nih.gov/32250301/,Increased Cerebrospinal Fluid Amyloid-β During Sleep Deprivation in Healthy Middle-Aged Adults Is Not Due to Stress or Circadian Disruption.,publication_record,behavioral_or_lifestyle,amyloid,human_publication_record,neutral_or_descriptive,unknown,unknown,publication_metadata,2020,api_structured,PubMed metadata record assembled from nih_grant_publication_link; pubdate=2020
pubmed:32388831,publication,Ioflupane 123I (DAT scan) SPECT identifies dopamine receptor dysfunction early in the disease course in progressive apraxia of speech.,related_neurodegeneration,pubmed,32388831,https://pubmed.ncbi.nlm.nih.gov/32388831/,Ioflupane 123I (DAT scan) SPECT identifies dopamine receptor dysfunction early in the disease course in progressive apraxia of speech.,publication_record,not_specified,not_specified,human_publication_record,neutral_or_descriptive,unknown,unknown,publication_metadata,2020,api_structured,PubMed metadata record assembled from nih_grant_publication_link; pubdate=2020 Sep
pubmed:33710456,publication,Diffusion tensor imaging analysis in three progressive supranuclear palsy variants.,related_neurodegeneration,pubmed,33710456,https://pubmed.ncbi.nlm.nih.gov/33710456/,Diffusion tensor imaging analysis in three progressive supranuclear palsy variants.,publication_record,biomarker_or_assay,not_specified,human_publication_record,neutral_or_descriptive,unknown,unknown,publication_metadata,2021,api_structured,PubMed metadata record assembled from nih_grant_publication_link; pubdate=2021 Sep
pubmed:33928929,publication,Update on neuroimaging in Alzheimer's disease.,alzheimers_disease,pubmed,33928929,https://pubmed.ncbi.nlm.nih.gov/33928929/,Update on neuroimaging in Alzheimer's disease.,publication_record,not_specified,not_specified,human_publication_record,neutral_or_descriptive,unknown,unknown,publication_metadata,2021,api_structured,PubMed metadata record assembled from nih_grant_publication_link; pubdate=2021 Aug 1
pubmed:34942867,publication,The Role of the Human Brain Neuron-Glia-Synapse Composition in Forming Resting-State Functional Connectivity Networks.,related_neurodegeneration,pubmed,34942867,https://pubmed.ncbi.nlm.nih.gov/34942867/,The Role of the Human Brain Neuron-Glia-Synapse Composition in Forming Resting-State Functional Connectivity Networks.,publication_record,not_specified,not_specified,human_publication_record,neutral_or_descriptive,unknown,unknown,publication_metadata,2021,api_structured,PubMed metadata record assembled from nih_grant_publication_link; pubdate=2021 Nov 27
pubmed:35921079,publication,A donepezil patch (Adlarity) for Alzheimer's disease.,alzheimers_disease,pubmed,35921079,https://pubmed.ncbi.nlm.nih.gov/35921079/,A donepezil patch (Adlarity) for Alzheimer's disease.,publication_record,small_molecule,not_specified,human_publication_record,neutral_or_descriptive,unknown,unknown,publication_metadata,2022,api_structured,PubMed metadata record assembled from targeted_intervention_query; pubdate=2022 Aug 8
pubmed:36005647,publication,Transcranial Electromagnetic Treatment Stops Alzheimer's Disease Cognitive Decline over a 2½-Year Period: A Pilot Study.,alzheimers_disease,pubmed,36005647,https://pubmed.ncbi.nlm.nih.gov/36005647/,Transcranial Electromagnetic Treatment Stops Alzheimer's Disease Cognitive Decline over a 2½-Year Period: A Pilot Study.,publication_record,device_or_stimulation,not_specified,human_publication_record,neutral_or_descriptive,unknown,unknown,publication_metadata,2022,api_structured,PubMed metadata record assembled from targeted_intervention_query; pubdate=2022 Aug 3
pubmed:36094730,publication,Microscopic theory of spin-spin and spin-lattice relaxation of bound protons in cellular and myelin membranes-A lateral diffusion model (LDM).,related_neurodegeneration,pubmed,36094730,https://pubmed.ncbi.nlm.nih.gov/36094730/,Microscopic theory of spin-spin and spin-lattice relaxation of bound protons in cellular and myelin membranes-A lateral diffusion model (LDM).,publication_record,not_specified,not_specified,human_publication_record,neutral_or_descriptive,unknown,unknown,publication_metadata,2023,api_structured,PubMed metadata record assembled from nih_grant_publication_link; pubdate=2023 Jan
pubmed:36178006,publication,Evaluating brain damage in multiple sclerosis with simultaneous multi-angular-relaxometry of tissue.,related_neurodegeneration,pubmed,36178006,https://pubmed.ncbi.nlm.nih.gov/36178006/,Evaluating brain damage in multiple sclerosis with simultaneous multi-angular-relaxometry of tissue.,publication_record,not_specified,not_specified,human_publication_record,neutral_or_descriptive,unknown,unknown,publication_metadata,2022,api_structured,PubMed metadata record assembled from nih_grant_publication_link; pubdate=2022 Oct
pubmed:36438603,publication,The effect of combination pretreatment of donepezil and environmental enrichment on memory deficits in amyloid-beta-induced Alzheimer-like rat model.,alzheimers_disease,pubmed,36438603,https://pubmed.ncbi.nlm.nih.gov/36438603/,The effect of combination pretreatment of donepezil and environmental enrichment on memory deficits in amyloid-beta-induced Alzheimer-like rat model.,publication_record,small_molecule,amyloid,human_publication_record,neutral_or_descriptive,unknown,unknown,publication_metadata,2022,api_structured,PubMed metadata record assembled from targeted_intervention_query; pubdate=2022 Dec
pubmed:37017737,publication,Longitudinal head-to-head comparison of (11)C-PiB and (18)F-florbetapir PET in a Phase 2/3 clinical trial of anti-amyloid-β monoclonal antibodies in dominantly inherited Alzheimer's disease.,alzheimers_disease,pubmed,37017737,https://pubmed.ncbi.nlm.nih.gov/37017737/,Longitudinal head-to-head comparison of (11)C-PiB and (18)F-florbetapir PET in a Phase 2/3 clinical trial of anti-amyloid-β monoclonal antibodies in dominantly inherited Alzheimer's disease.,publication_record,monoclonal_antibody,amyloid,human_publication_record,neutral_or_descriptive,unknown,unknown,publication_metadata,2023,api_structured,PubMed metadata record assembled from nih_grant_publication_link; pubdate=2023 Jul
pubmed:37651273,publication,Amyloid-related Imaging Abnormalities in Alzheimer Disease Treated with Anti-Amyloid-β Therapy.,alzheimers_disease,pubmed,37651273,https://pubmed.ncbi.nlm.nih.gov/37651273/,Amyloid-related Imaging Abnormalities in Alzheimer Disease Treated with Anti-Amyloid-β Therapy.,publication_record,biomarker_or_assay,amyloid,human_publication_record,neutral_or_descriptive,unknown,unknown,publication_metadata,2023,api_structured,PubMed metadata record assembled from nih_grant_publication_link; pubdate=2023 Sep
pubmed:38133208,publication,Age and 17β-Estradiol (E(2)) Facilitate Nuclear Export and Argonaute Loading of microRNAs in the Female Brain.,related_neurodegeneration,pubmed,38133208,https://pubmed.ncbi.nlm.nih.gov/38133208/,Age and 17β-Estradiol (E(2)) Facilitate Nuclear Export and Argonaute Loading of microRNAs in the Female Brain.,publication_record,not_specified,not_specified,human_publication_record,neutral_or_descriptive,unknown,unknown,publication_metadata,2023,api_structured,PubMed metadata record assembled from nih_grant_publication_link; pubdate=2023 Dec 6
pubmed:39202080,publication,"DiADEM-Dance against Dementia-Effect of a Six-Month Dance Intervention on Physical Fitness in Older Adults with Mild Cognitive Impairment: A Randomized, Controlled Trial.",mild_cognitive_impairment,pubmed,39202080,https://pubmed.ncbi.nlm.nih.gov/39202080/,"DiADEM-Dance against Dementia-Effect of a Six-Month Dance Intervention on Physical Fitness in Older Adults with Mild Cognitive Impairment: A Randomized, Controlled Trial.",publication_record,behavioral_or_lifestyle,not_specified,human_publication_record,neutral_or_descriptive,unknown,unknown,publication_metadata,2024,api_structured,PubMed metadata record assembled from targeted_intervention_query; pubdate=2024 Aug 22
pubmed:39716825,publication,Impacts of adapted dance on mood and physical function among persons living with Alzheimer's disease.,alzheimers_disease,pubmed,39716825,https://pubmed.ncbi.nlm.nih.gov/39716825/,Impacts of adapted dance on mood and physical function among persons living with Alzheimer's disease.,publication_record,behavioral_or_lifestyle,not_specified,human_publication_record,neutral_or_descriptive,unknown,unknown,publication_metadata,2025,api_structured,PubMed metadata record assembled from targeted_intervention_query; pubdate=2025 Jun
pubmed:39930140,publication,Longitudinal analysis of a dominantly inherited Alzheimer disease mutation carrier protected from dementia.,alzheimers_disease,pubmed,39930140,https://pubmed.ncbi.nlm.nih.gov/39930140/,Longitudinal analysis of a dominantly inherited Alzheimer disease mutation carrier protected from dementia.,publication_record,not_specified,not_specified,human_publication_record,neutral_or_descriptive,unknown,unknown,publication_metadata,2025,api_structured,PubMed metadata record assembled from nih_grant_publication_link; pubdate=2025 Apr
pubmed:40475329,publication,Gelsolin Facilitates Estrogen Receptor Beta Nuclear Translocation and Transcriptional Repression of Genes Associated with Alzheimer Disease.,alzheimers_disease,pubmed,40475329,https://pubmed.ncbi.nlm.nih.gov/40475329/,Gelsolin Facilitates Estrogen Receptor Beta Nuclear Translocation and Transcriptional Repression of Genes Associated with Alzheimer Disease.,publication_record,not_specified,not_specified,human_publication_record,neutral_or_descriptive,unknown,unknown,publication_metadata,2025,api_structured,PubMed metadata record assembled from nih_grant_publication_link; pubdate=2025 Jun
pubmed:41809190,publication,"Six-month randomized, double-blind trial of transcranial direct current stimulation in mild Alzheimer's dementia: domain-specific cognitive and neuropsychiatric signals.",alzheimers_disease,pubmed,41809190,https://pubmed.ncbi.nlm.nih.gov/41809190/,"Six-month randomized, double-blind trial of transcranial direct current stimulation in mild Alzheimer's dementia: domain-specific cognitive and neuropsychiatric signals.",publication_record,device_or_stimulation,not_specified,human_publication_record,neutral_or_descriptive,unknown,unknown,publication_metadata,2026,api_structured,PubMed metadata record assembled from targeted_intervention_query; pubdate=2026
pubmed:41870257,publication,Meta-analysis of the efficacy of interventions for persons living with Alzheimer's disease: The role of music therapy.,alzheimers_disease,pubmed,41870257,https://pubmed.ncbi.nlm.nih.gov/41870257/,Meta-analysis of the efficacy of interventions for persons living with Alzheimer's disease: The role of music therapy.,publication_record,behavioral_or_lifestyle,not_specified,human_publication_record,neutral_or_descriptive,unknown,unknown,publication_metadata,2026,api_structured,PubMed metadata record assembled from targeted_intervention_query; pubdate=2026 Mar 23
pubmed:41944428,publication,Music therapy interest in patients with Alzheimer's disease and Alzheimer's disease related dementia: A survey study.,alzheimers_disease,pubmed,41944428,https://pubmed.ncbi.nlm.nih.gov/41944428/,Music therapy interest in patients with Alzheimer's disease and Alzheimer's disease related dementia: A survey study.,publication_record,behavioral_or_lifestyle,not_specified,human_publication_record,neutral_or_descriptive,unknown,unknown,publication_metadata,2026,api_structured,PubMed metadata record assembled from targeted_intervention_query; pubdate=2026 Apr 7
pubmed:41950067,publication,A perspective: PLA2G4A as drug target for vascular inflammation in Alzheimer's disease.,alzheimers_disease,pubmed,41950067,https://pubmed.ncbi.nlm.nih.gov/41950067/,A perspective: PLA2G4A as drug target for vascular inflammation in Alzheimer's disease.,publication_record,not_specified,inflammation,human_publication_record,neutral_or_descriptive,unknown,unknown,publication_metadata,2026,api_structured,PubMed metadata record assembled from seed_query; pubdate=2026 Apr
pubmed:41950270,publication,White matter microstructure disruption associated with PET and cognitive impairment in Alzheimer's disease.,alzheimers_disease,pubmed,41950270,https://pubmed.ncbi.nlm.nih.gov/41950270/,White matter microstructure disruption associated with PET and cognitive impairment in Alzheimer's disease.,publication_record,biomarker_or_assay,molecular_imaging,human_publication_record,neutral_or_descriptive,unknown,unknown,publication_metadata,2026,api_structured,PubMed metadata record assembled from seed_query; pubdate=2026
pubmed:41950435,publication,Plant-Based Dietary Patterns and Risk of Alzheimer Disease and Related Dementias in the Multiethnic Cohort Study.,alzheimers_disease,pubmed,41950435,https://pubmed.ncbi.nlm.nih.gov/41950435/,Plant-Based Dietary Patterns and Risk of Alzheimer Disease and Related Dementias in the Multiethnic Cohort Study.,publication_record,not_specified,not_specified,human_publication_record,neutral_or_descriptive,unknown,unknown,publication_metadata,2026,api_structured,PubMed metadata record assembled from seed_query; pubdate=2026 May 12
pubmed:41950468,publication,Effect of Cognitive Reserve on Age at Symptom Onset and Cognitive Decline in Individuals With Dominantly Inherited Alzheimer Disease.,alzheimers_disease,pubmed,41950468,https://pubmed.ncbi.nlm.nih.gov/41950468/,Effect of Cognitive Reserve on Age at Symptom Onset and Cognitive Decline in Individuals With Dominantly Inherited Alzheimer Disease.,publication_record,not_specified,not_specified,human_publication_record,neutral_or_descriptive,unknown,unknown,publication_metadata,2026,api_structured,PubMed metadata record assembled from seed_query; pubdate=2026 Apr 28
pubmed:41951832,publication,Single nucleotide polymorphisms affecting galantamine binding to acetylcholinesterase in Alzheimer's disease: a structural bioinformatics study.,alzheimers_disease,pubmed,41951832,https://pubmed.ncbi.nlm.nih.gov/41951832/,Single nucleotide polymorphisms affecting galantamine binding to acetylcholinesterase in Alzheimer's disease: a structural bioinformatics study.,publication_record,small_molecule,not_specified,human_publication_record,neutral_or_descriptive,unknown,unknown,publication_metadata,2026,api_structured,"PubMed metadata record assembled from seed_query, targeted_intervention_query; pubdate=2026 Apr 9"
pubmed:41953054,publication,tDCS improves early Alzheimer's disease by synaptic vesicle fusion and release.,alzheimers_disease,pubmed,41953054,https://pubmed.ncbi.nlm.nih.gov/41953054/,tDCS improves early Alzheimer's disease by synaptic vesicle fusion and release.,publication_record,device_or_stimulation,not_specified,human_publication_record,neutral_or_descriptive,unknown,unknown,publication_metadata,2026,api_structured,"PubMed metadata record assembled from seed_query, targeted_intervention_query; pubdate=2026 Dec"
pubmed:41953385,publication,Real-World Multimodal Day-Care Intervention for Mild Cognitive Impairment with Lewy Bodies: A Prospective 3-Year Comparative Cognitive Trajectory Study.,mild_cognitive_impairment,pubmed,41953385,https://pubmed.ncbi.nlm.nih.gov/41953385/,Real-World Multimodal Day-Care Intervention for Mild Cognitive Impairment with Lewy Bodies: A Prospective 3-Year Comparative Cognitive Trajectory Study.,publication_record,not_specified,not_specified,human_publication_record,neutral_or_descriptive,unknown,unknown,publication_metadata,2026,api_structured,PubMed metadata record assembled from pmc_linked_pmid; pubdate=2026 Jan-Dec
pubmed:41953516,publication,Redefining the role of the thiol-based agent N-acetylcysteine in human health and disease and elucidating potential advantages of its amide derivative.,related_neurodegeneration,pubmed,41953516,https://pubmed.ncbi.nlm.nih.gov/41953516/,Redefining the role of the thiol-based agent N-acetylcysteine in human health and disease and elucidating potential advantages of its amide derivative.,publication_record,not_specified,not_specified,human_publication_record,neutral_or_descriptive,unknown,unknown,publication_metadata,2026,api_structured,PubMed metadata record assembled from pmc_linked_pmid; pubdate=2026 Apr 1
pubmed:41953573,publication,EEG recordings during visuo-attentive task reduce sex bias in Alzheimer's disease diagnosis.,alzheimers_disease,pubmed,41953573,https://pubmed.ncbi.nlm.nih.gov/41953573/,EEG recordings during visuo-attentive task reduce sex bias in Alzheimer's disease diagnosis.,publication_record,biomarker_or_assay,molecular_imaging,human_publication_record,neutral_or_descriptive,unknown,unknown,publication_metadata,2026,api_structured,PubMed metadata record assembled from pmc_linked_pmid; pubdate=2026 Apr-Jun
pubmed:41953574,publication,Decentralizing dementia research to the US-Mexico border: the Rio Grande Valley AD-RCMAR as a model for translational equity.,dementia_general,pubmed,41953574,https://pubmed.ncbi.nlm.nih.gov/41953574/,Decentralizing dementia research to the US-Mexico border: the Rio Grande Valley AD-RCMAR as a model for translational equity.,publication_record,not_specified,not_specified,human_publication_record,neutral_or_descriptive,unknown,unknown,publication_metadata,2026,api_structured,PubMed metadata record assembled from pmc_linked_pmid; pubdate=2026 Apr-Jun
pubmed:41953673,publication,Neuroinflammatory stress preferentially impacts synaptic MAPK signaling and mitochondria in excitatory neurons.,related_neurodegeneration,pubmed,41953673,https://pubmed.ncbi.nlm.nih.gov/41953673/,Neuroinflammatory stress preferentially impacts synaptic MAPK signaling and mitochondria in excitatory neurons.,publication_record,not_specified,not_specified,human_publication_record,neutral_or_descriptive,unknown,unknown,publication_metadata,2026,api_structured,PubMed metadata record assembled from pmc_linked_pmid; pubdate=2026
pubmed:41953799,publication,Investigating the Neuroprotective Effects of Peripheral Nerve Microcurrent Stimulation in a Mouse Model of Parkinson's Disease.,related_neurodegeneration,pubmed,41953799,https://pubmed.ncbi.nlm.nih.gov/41953799/,Investigating the Neuroprotective Effects of Peripheral Nerve Microcurrent Stimulation in a Mouse Model of Parkinson's Disease.,publication_record,device_or_stimulation,not_specified,preclinical_publication_record,neutral_or_descriptive,unknown,unknown,publication_metadata,2026,api_structured,PubMed metadata record assembled from pmc_linked_pmid; pubdate=2026 Mar
pubmed:41953934,publication,The primary care brain health navigator: A perspective on implementation.,related_neurodegeneration,pubmed,41953934,https://pubmed.ncbi.nlm.nih.gov/41953934/,The primary care brain health navigator: A perspective on implementation.,publication_record,not_specified,not_specified,human_publication_record,neutral_or_descriptive,unknown,unknown,publication_metadata,2026,api_structured,PubMed metadata record assembled from pmc_linked_pmid; pubdate=2026 Apr-Jun
pubmed:41954048,publication,TOMM40 suppression promotes neuronal cholesterol imbalance and molecular and behavioral phenotypes of Alzheimer's disease.,alzheimers_disease,pubmed,41954048,https://pubmed.ncbi.nlm.nih.gov/41954048/,TOMM40 suppression promotes neuronal cholesterol imbalance and molecular and behavioral phenotypes of Alzheimer's disease.,publication_record,not_specified,not_specified,human_publication_record,neutral_or_descriptive,unknown,unknown,publication_metadata,2026,api_structured,"PubMed metadata record assembled from seed_query, pmc_linked_pmid; pubdate=2026 Apr"
pubmed:41954097,publication,Integrative genomic and functional analyses reveal NINL as a modulator of tau aggregation.,related_neurodegeneration,pubmed,41954097,https://pubmed.ncbi.nlm.nih.gov/41954097/,Integrative genomic and functional analyses reveal NINL as a modulator of tau aggregation.,publication_record,biomarker_or_assay,tau,human_publication_record,neutral_or_descriptive,unknown,unknown,publication_metadata,2026,api_structured,PubMed metadata record assembled from seed_query; pubdate=2026 Apr
pubmed:41954172,publication,Fruit-Derived Citri Reticulatae Semen Extract Attenuates Alzheimer's Disease Neuroinflammation and Cognitive Impairment via Modulation of the PI3K/Akt/FoxO1 Pathway.,alzheimers_disease,pubmed,41954172,https://pubmed.ncbi.nlm.nih.gov/41954172/,Fruit-Derived Citri Reticulatae Semen Extract Attenuates Alzheimer's Disease Neuroinflammation and Cognitive Impairment via Modulation of the PI3K/Akt/FoxO1 Pathway.,publication_record,not_specified,not_specified,human_publication_record,neutral_or_descriptive,unknown,unknown,publication_metadata,2026,api_structured,PubMed metadata record assembled from seed_query; pubdate=2026 Apr
pubmed:41954517,publication,RFWD2 Mitigates AD-Like Cognitive Impairments via the JNK-SGK1 Signaling Pathway in Mice.,related_neurodegeneration,pubmed,41954517,https://pubmed.ncbi.nlm.nih.gov/41954517/,RFWD2 Mitigates AD-Like Cognitive Impairments via the JNK-SGK1 Signaling Pathway in Mice.,publication_record,not_specified,not_specified,preclinical_publication_record,neutral_or_descriptive,unknown,unknown,publication_metadata,2026,api_structured,PubMed metadata record assembled from seed_query; pubdate=2026 Apr
pubmed:41955027,publication,Multi-marker testing based on accelerated failure time models under possible left truncation and competing risks.,related_neurodegeneration,pubmed,41955027,https://pubmed.ncbi.nlm.nih.gov/41955027/,Multi-marker testing based on accelerated failure time models under possible left truncation and competing risks.,publication_record,not_specified,not_specified,human_publication_record,neutral_or_descriptive,unknown,unknown,publication_metadata,2026,api_structured,PubMed metadata record assembled from seed_query; pubdate=2026 Mar 1
pubmed:41955600,publication,The role of the MIND diet in prevention and treatment of Alzheimer's disease: A literature review.,alzheimers_disease,pubmed,41955600,https://pubmed.ncbi.nlm.nih.gov/41955600/,The role of the MIND diet in prevention and treatment of Alzheimer's disease: A literature review.,publication_record,behavioral_or_lifestyle,not_specified,human_publication_record,neutral_or_descriptive,unknown,unknown,publication_metadata,2026,api_structured,PubMed metadata record assembled from seed_query; pubdate=2026
